<xml xmlns:o="urn:schemas-microsoft-com:office:office">
 <o:MainFile HRef="../example.htm"/>
 <o:File HRef="preview.wmf"/>
 <o:File HRef="themedata.thmx"/>
 <o:File HRef="colorschememapping.xml"/>
 <o:File HRef="image001.png"/>
 <o:File HRef="image002.gif"/>
 <o:File HRef="image003.png"/>
 <o:File HRef="image004.gif"/>
 <o:File HRef="image005.png"/>
 <o:File HRef="image006.gif"/>
 <o:File HRef="image007.png"/>
 <o:File HRef="image008.gif"/>
 <o:File HRef="image009.png"/>
 <o:File HRef="image010.gif"/>
 <o:File HRef="image011.png"/>
 <o:File HRef="image012.gif"/>
 <o:File HRef="image013.png"/>
 <o:File HRef="image014.gif"/>
 <o:File HRef="image015.png"/>
 <o:File HRef="image016.gif"/>
 <o:File HRef="image017.png"/>
 <o:File HRef="image018.gif"/>
 <o:File HRef="image019.png"/>
 <o:File HRef="image020.gif"/>
 <o:File HRef="image021.png"/>
 <o:File HRef="image022.gif"/>
 <o:File HRef="image023.png"/>
 <o:File HRef="image024.gif"/>
 <o:File HRef="image025.png"/>
 <o:File HRef="image026.gif"/>
 <o:File HRef="image027.png"/>
 <o:File HRef="image028.gif"/>
 <o:File HRef="image029.png"/>
 <o:File HRef="image030.gif"/>
 <o:File HRef="image031.png"/>
 <o:File HRef="image032.gif"/>
 <o:File HRef="image033.png"/>
 <o:File HRef="image034.gif"/>
 <o:File HRef="image035.png"/>
 <o:File HRef="image036.gif"/>
 <o:File HRef="image037.png"/>
 <o:File HRef="image038.gif"/>
 <o:File HRef="image039.png"/>
 <o:File HRef="image040.gif"/>
 <o:File HRef="image041.png"/>
 <o:File HRef="image042.gif"/>
 <o:File HRef="image043.png"/>
 <o:File HRef="image044.gif"/>
 <o:File HRef="image045.png"/>
 <o:File HRef="image046.gif"/>
 <o:File HRef="image047.png"/>
 <o:File HRef="image048.gif"/>
 <o:File HRef="image049.png"/>
 <o:File HRef="image050.gif"/>
 <o:File HRef="image051.png"/>
 <o:File HRef="image052.gif"/>
 <o:File HRef="image053.png"/>
 <o:File HRef="image054.gif"/>
 <o:File HRef="image055.png"/>
 <o:File HRef="image056.gif"/>
 <o:File HRef="image057.png"/>
 <o:File HRef="image058.gif"/>
 <o:File HRef="image059.png"/>
 <o:File HRef="image060.gif"/>
 <o:File HRef="image061.png"/>
 <o:File HRef="image062.gif"/>
 <o:File HRef="image063.png"/>
 <o:File HRef="image064.gif"/>
 <o:File HRef="image065.png"/>
 <o:File HRef="image066.gif"/>
 <o:File HRef="image067.png"/>
 <o:File HRef="image068.gif"/>
 <o:File HRef="header.htm"/>
 <o:File HRef="filelist.xml"/>
</xml>