{
  "Name": "ANGLE CONTROLLER",
  "CreationDate": "2024-3-28",
  "Commands": [
    {
      "Command": "executeScript_Sandbox",
      "Target": "return [0,1,2,3,4];",
      "Value": "AngleIndex",
      "Description": "create an array holding the second part of the macro name"
    },
    {
      "Command": "forEach",
      "Target": "AngleIndex",
      "Value": "ai",
      "Description": "iterate through array angleindex"
    },
    {
      "Command": "run",
      "Target": "ANGLE ${ai}",
      "Value": "",
      "Description": "run the macro based on the suffix held"
    },
    {
      "Command": "run",
      "Target": "RENDER",
      "Value": "",
      "Description": "run to the subroutine which takes a render"
    },
    {
      "Command": "end",
      "Target": "",
      "Value": "",
      "Description": "exit point"
    }
  ]
}