{
  "Name": "GENERATEFACE CONTROLLER",
  "CreationDate": "2024-3-28",
  "Commands": [
    {
      "Command": "executeScript_Sandbox",
      "Target": "return [0,1,3];",
      "Value": "GenerateFaceMaleFemale",
      "Description": "create an array holding the second part of the macro name"
    },
    {
      "Command": "forEach",
      "Target": "GenerateFaceMaleFemale",
      "Value": "gfmf",
      "Description": "iterate through array GeneateFaceMaleFemale"
    },
    {
      "Command": "run",
      "Target": "GENERATEFACE ${gfmf}",
      "Value": "",
      "Description": "eun the macro according to the suffix held in gfmf"
    },
    {
      "Command": "end",
      "Target": "",
      "Value": "",
      "Description": ""
    },
    {
      "Command": "run",
      "Target": "LIGHT CONTROLLER",
      "Value": "",
      "Description": "progress the macro - run light controller"
    }
  ]
}