{
  "Name": "GENERATEFACE 0",
  "CreationDate": "2024-3-28",
  "Commands": [
    {
      "Command": "XClickRelative",
      "Target": "facetransfertab_dpi_96.png",
      "Value": "",
      "Description": "open the face transfer tab"
    },
    {
      "Command": "XClickRelative",
      "Target": "sourceimagefacetransfer_dpi_96.png",
      "Value": "",
      "Description": "click on the file navigator"
    },
    {
      "Command": "XType",
      "Target": "C:\\yourfile.png ${KEY_ENTER}",
      "Value": "",
      "Description": "types the address of the file (IMPORTANT: File Not localised - must be changed)"
    }
  ]
}