{
  "Name": "INIT",
  "CreationDate": "2024-3-28",
  "Commands": [
    {
      "Command": "XRun",
      "Target": "C:\\Program Files\\DAZ 3D\\DAZStudio4\\DAZStudio.exe",
      "Value": "",
      "Description": "WARNING - NOT LOCALISED Opens Daz3D - Will not function is Daz3d still closing/is still open"
    },
    {
      "Command": "pause",
      "Target": "9000",
      "Value": "",
      "Description": "Wait 9 seconds for daz3d to open"
    },
    {
      "Command": "XType",
      "Target": "${KEY_ALT}F",
      "Value": "",
      "Description": "open file dropdown"
    },
    {
      "Command": "XType",
      "Target": "${KEY_CTRL}O",
      "Value": "",
      "Description": "hotkey to select 'open new file'"
    },
    {
      "Command": "pause",
      "Target": "1000",
      "Value": "",
      "Description": "wait 1 second for file to open"
    },
    {
      "Command": "XType",
      "Target": "blank.duf ${KEY_ENTER}",
      "Value": "",
      "Description": "type in name of file and select"
    },
    {
      "Command": "pause",
      "Target": "2000",
      "Value": "",
      "Description": "wait 2 seconds for the file to load"
    },
    {
      "Command": "XClickRelative",
      "Target": "frontCubeVision_dpi_96.png",
      "Value": "",
      "Description": "orient view to straight on - brings to base state"
    }
  ]
}