{
  "Name": "LIGHT CONTROLLER",
  "CreationDate": "2024-3-28",
  "Commands": [
    {
      "Command": "executeScript_Sandbox",
      "Target": "return [0,1,2,3,4];",
      "Value": "LightIndex",
      "Description": "create an array holding the second part of the macro name"
    },
    {
      "Command": "forEach",
      "Target": "LightIndex",
      "Value": "li",
      "Description": "iterate through the array LightIndex"
    },
    {
      "Command": "run",
      "Target": "LIGHT OPEN",
      "Value": "",
      "Description": "run light open to open the tab"
    },
    {
      "Command": "run",
      "Target": "LIGHT ${li}",
      "Value": "",
      "Description": "run the macro subroutine corresponding to the index - to select the light"
    },
    {
      "Command": "executeScript_Sandbox",
      "Target": "return [11,10];",
      "Value": "LightOnOff",
      "Description": "create an array holding the second part of the macro name"
    },
    {
      "Command": "forEach",
      "Target": "LightOnOff",
      "Value": "loo",
      "Description": "iterate through the array loo"
    },
    {
      "Command": "run",
      "Target": "LIGHT ${loo}",
      "Value": "run the light on/off macro corresponding to the index",
      "Description": ""
    },
    {
      "Command": "run",
      "Target": "LIGHT CLOSE",
      "Value": "after the light has been changed. close the tab",
      "Description": ""
    },
    {
      "Command": "run",
      "Target": "POSE CONTROLLER",
      "Value": "progress the macro - go to pose settings",
      "Description": ""
    },
    {
      "Command": "end",
      "Target": "",
      "Value": "",
      "Description": ""
    },
    {
      "Command": "end",
      "Target": "",
      "Value": "",
      "Description": ""
    }
  ]
}