{
  "Name": "LIGHT 10",
  "CreationDate": "2024-3-28",
  "Commands": [
    {
      "Command": "XClickRelative",
      "Target": "lighttextbox_dpi_96.png",
      "Value": "",
      "Description": "click on the textbox in the light section"
    },
    {
      "Command": "XType",
      "Target": "Illumination",
      "Value": "",
      "Description": "type illumination to filter the options"
    },
    {
      "Command": "XClickRelative",
      "Target": "lightillumination_dpi_96.png",
      "Value": "",
      "Description": "click the illumination dropdown"
    },
    {
      "Command": "XClickRelative",
      "Target": "lightillumination_dpi_96.png",
      "Value": "",
      "Description": "click it again for good measure"
    },
    {
      "Command": "XClickRelative",
      "Target": "illuminationoff.png",
      "Value": "",
      "Description": "click illumination to off"
    }
  ]
}