{
  "Name": "POSE CONTROLLER",
  "CreationDate": "2024-3-28",
  "Commands": [
    {
      "Command": "executeScript_Sandbox",
      "Target": "return [0];",
      "Value": "PoseIndex",
      "Description": "create an array holding the second part of the macro name"
    },
    {
      "Command": "forEach",
      "Target": "PoseIndex",
      "Value": "pi",
      "Description": "iterate through the array pi"
    },
    {
      "Command": "run",
      "Target": "POSE OPEN",
      "Value": "",
      "Description": "Open the pose tab with pose open"
    },
    {
      "Command": "run",
      "Target": "POSE ${pi}1",
      "Value": "",
      "Description": "Run the pose macro corresponding to the index"
    },
    {
      "Command": "run",
      "Target": "ANGLE CONTROLLER",
      "Value": "",
      "Description": "progress by running angle controller"
    },
    {
      "Command": "run",
      "Target": "POSE ${pi}0",
      "Value": "",
      "Description": "after setting the angle, turn off the pose"
    },
    {
      "Command": "run",
      "Target": "POSE CLOSE",
      "Value": "",
      "Description": "close the pose tab"
    },
    {
      "Command": "end",
      "Target": "",
      "Value": "",
      "Description": ""
    }
  ]
}