{
  "Name": "POSE OPEN",
  "CreationDate": "2024-3-28",
  "Commands": [
    {
      "Command": "XClick",
      "Target": "posingbar_dpi_96.png",
      "Value": "",
      "Description": "open the posing tab"
    },
    {
      "Command": "XClickRelative",
      "Target": "posechooseentity_dpi_96.png",
      "Value": "",
      "Description": "ERROR"
    },
    {
      "Command": "XClick",
      "Target": "posegenesismale.png",
      "Value": "",
      "Description": "click on the genesis model"
    },
    {
      "Command": "XClick",
      "Target": "posetextbox_dpi_96.png",
      "Value": "",
      "Description": "click into the text box"
    }
  ]
}