{
  "Name": "POSE 00",
  "CreationDate": "2024-3-28",
  "Commands": [
    {
      "Command": "XType",
      "Target": "Smile Open Full Face",
      "Value": "",
      "Description": "Type the emotion Smile Open Full Face"
    },
    {
      "Command": "times",
      "Target": "12",
      "Value": "",
      "Description": "for 12 times:"
    },
    {
      "Command": "XClickRelative",
      "Target": "smileopenfullfaceoff_dpi_96.png",
      "Value": "",
      "Description": "click the off button to oeve the dial back a bit"
    },
    {
      "Command": "end",
      "Target": "",
      "Value": "",
      "Description": ""
    }
  ]
}