{
  "Name": "RENDER",
  "CreationDate": "2024-3-28",
  "Commands": [
    {
      "Command": "XClickRelative",
      "Target": "render_dpi_96.png",
      "Value": "",
      "Description": "click on the render button"
    },
    {
      "Command": "pause",
      "Target": "60000",
      "Value": "",
      "Description": "wait 60 secs for the render to complete"
    },
    {
      "Command": "XClickRelative",
      "Target": "rendertext.png",
      "Value": "",
      "Description": "click into the name box of the render"
    },
    {
      "Command": "executeScript_Sandbox",
      "Target": "return 1000 +  Math.floor(Math.random()*999999);",
      "Value": "RandomSuffix",
      "Description": "return a number between 1000 and 999999 and save it into randomsuffix"
    },
    {
      "Command": "XType",
      "Target": "render_${RandomSuffix}",
      "Value": "",
      "Description": "use random suffix as a modifer to make every name different"
    },
    {
      "Command": "XClickRelative",
      "Target": "renderdots_dpi_96.png",
      "Value": "",
      "Description": "click to open file explorer"
    },
    {
      "Command": "XClickRelative",
      "Target": "topbar_dpi_96.png",
      "Value": "",
      "Description": "click into the directory search bar"
    },
    {
      "Command": "XType",
      "Target": "C:\\MacroOutput${KEY_ENTER}",
      "Value": "",
      "Description": "entre the file location WARNING: NOT LOCALISED "
    },
    {
      "Command": "XClick",
      "Target": "renderselectfolder_dpi_96.png",
      "Value": "",
      "Description": "click the select button to save and close the file explorer"
    },
    {
      "Command": "XClick",
      "Target": "rendersave_dpi_96.png",
      "Value": "",
      "Description": "click the save button to save and close the render menu"
    }
  ]
}