<xml xmlns:o="urn:schemas-microsoft-com:office:office">
 <o:MainFile HRef="../Guide%20Script2.htm"/>
 <o:File HRef="preview.wmf"/>
 <o:File HRef="themedata.thmx"/>
 <o:File HRef="colorschememapping.xml"/>
 <o:File HRef="image105.png"/>
 <o:File HRef="image001.gif"/>
 <o:File HRef="image107.png"/>
 <o:File HRef="image002.gif"/>
 <o:File HRef="image109.png"/>
 <o:File HRef="image003.gif"/>
 <o:File HRef="image111.png"/>
 <o:File HRef="image004.gif"/>
 <o:File HRef="header.htm"/>
 <o:File HRef="filelist.xml"/>
</xml>