{
  "Name": "ANGLE CONTROLLER",
  "CreationDate": "2024-2-29",
  "Commands": [
    {
      "Command": "executeScript_Sandbox",
      "Target": "return [0,1,2,3,4];",
      "Value": "AngleIndex",
      "Description": ""
    },
    {
      "Command": "forEach",
      "Target": "AngleIndex",
      "Value": "ai",
      "Description": ""
    },
    {
      "Command": "run",
      "Target": "ANGLE ${ai}",
      "Value": "",
      "Description": ""
    },
    {
      "Command": "run",
      "Target": "RENDER",
      "Value": "",
      "Description": ""
    },
    {
      "Command": "end",
      "Target": "",
      "Value": "",
      "Description": ""
    }
  ]
}