{
  "Name": "GENERATEFACE CONTROLLER",
  "CreationDate": "2024-2-29",
  "Commands": [
    {
      "Command": "executeScript_Sandbox",
      "Target": "return [0,1,3];",
      "Value": "GenerateFaceMaleFemale",
      "Description": ""
    },
    {
      "Command": "forEach",
      "Target": "GenerateFaceMaleFemale",
      "Value": "gfmf",
      "Description": ""
    },
    {
      "Command": "run",
      "Target": "GENERATEFACE ${gfmf}",
      "Value": "",
      "Description": ""
    },
    {
      "Command": "end",
      "Target": "",
      "Value": "",
      "Description": ""
    },
    {
      "Command": "run",
      "Target": "LIGHT CONTROLLER",
      "Value": "",
      "Description": ""
    }
  ]
}