{
  "Name": "GENERATEFACE 0",
  "CreationDate": "2024-2-29",
  "Commands": [
    {
      "Command": "XClickRelative",
      "Target": "facetransfertab_dpi_96.png",
      "Value": "",
      "Description": ""
    },
    {
      "Command": "XClickRelative",
      "Target": "sourceimagefacetransfer_dpi_96.png",
      "Value": "",
      "Description": ""
    },
    {
      "Command": "XType",
      "Target": "C:\\Users\\danma\\Documents\\faceTemplate.png${KEY_ENTER}",
      "Value": "",
      "Description": ""
    }
  ]
}