{
  "Name": "INIT",
  "CreationDate": "2024-2-29",
  "Commands": [
    {
      "Command": "XRun",
      "Target": "C:\\Program Files\\DAZ 3D\\DAZStudio4\\DAZStudio.exe",
      "Value": "",
      "Description": ""
    },
    {
      "Command": "pause",
      "Target": "9000",
      "Value": "",
      "Description": ""
    },
    {
      "Command": "XType",
      "Target": "${KEY_ALT}F",
      "Value": "",
      "Description": ""
    },
    {
      "Command": "XType",
      "Target": "${KEY_CTRL}O",
      "Value": "",
      "Description": ""
    },
    {
      "Command": "pause",
      "Target": "1000",
      "Value": "",
      "Description": ""
    },
    {
      "Command": "XType",
      "Target": "blank.duf ${KEY_ENTER}",
      "Value": "",
      "Description": ""
    },
    {
      "Command": "pause",
      "Target": "2000",
      "Value": "",
      "Description": ""
    },
    {
      "Command": "XClickRelative",
      "Target": "frontCubeVision_dpi_96.png",
      "Value": "",
      "Description": ""
    }
  ]
}