{
  "Name": "LIGHT 10",
  "CreationDate": "2024-2-29",
  "Commands": [
    {
      "Command": "XClickRelative",
      "Target": "lighttextbox_dpi_96.png",
      "Value": "",
      "Description": ""
    },
    {
      "Command": "XType",
      "Target": "Illumination",
      "Value": "",
      "Description": ""
    },
    {
      "Command": "XClickRelative",
      "Target": "lightillumination_dpi_96.png",
      "Value": "",
      "Description": ""
    },
    {
      "Command": "XClickRelative",
      "Target": "lightillumination_dpi_96.png",
      "Value": "",
      "Description": ""
    },
    {
      "Command": "XClickRelative",
      "Target": "illuminationoff.png",
      "Value": "",
      "Description": ""
    }
  ]
}