{
  "Name": "LIGHT CONTROLLER",
  "CreationDate": "2024-2-29",
  "Commands": [
    {
      "Command": "executeScript_Sandbox",
      "Target": "return [0,1,2,3,4];",
      "Value": "LightIndex",
      "Description": ""
    },
    {
      "Command": "forEach",
      "Target": "LightIndex",
      "Value": "li",
      "Description": ""
    },
    {
      "Command": "run",
      "Target": "LIGHT OPEN",
      "Value": "",
      "Description": ""
    },
    {
      "Command": "run",
      "Target": "LIGHT ${li}",
      "Value": "",
      "Description": ""
    },
    {
      "Command": "executeScript_Sandbox",
      "Target": "return [11,10];",
      "Value": "LightOnOff",
      "Description": ""
    },
    {
      "Command": "forEach",
      "Target": "LightOnOff",
      "Value": "loo",
      "Description": ""
    },
    {
      "Command": "run",
      "Target": "LIGHT ${loo}",
      "Value": "",
      "Description": ""
    },
    {
      "Command": "run",
      "Target": "LIGHT CLOSE",
      "Value": "",
      "Description": ""
    },
    {
      "Command": "run",
      "Target": "POSE CONTROLLER",
      "Value": "",
      "Description": ""
    },
    {
      "Command": "end",
      "Target": "",
      "Value": "",
      "Description": ""
    },
    {
      "Command": "end",
      "Target": "",
      "Value": "",
      "Description": ""
    }
  ]
}