{
  "Name": "MAIN CONTROLLER",
  "CreationDate": "2024-2-29",
  "Commands": [
    {
      "Command": "comment",
      "Target": "Open DAZ3D",
      "Value": "",
      "Description": ""
    },
    {
      "Command": "run",
      "Target": "INIT",
      "Value": "",
      "Description": ""
    },
    {
      "Command": "comment",
      "Target": "ForEach Male or Female",
      "Value": "",
      "Description": ""
    },
    {
      "Command": "run",
      "Target": "GENERATEFACE CONTROLLER",
      "Value": "",
      "Description": ""
    },
    {
      "Command": "comment",
      "Target": "ForEach Light & Light On or Off",
      "Value": "",
      "Description": ""
    },
    {
      "Command": "comment",
      "Target": "ForEach Emotion",
      "Value": "",
      "Description": ""
    },
    {
      "Command": "comment",
      "Target": "ForEach Emotion On or Off",
      "Value": "",
      "Description": ""
    },
    {
      "Command": "comment",
      "Target": "ForEach Angle",
      "Value": "",
      "Description": ""
    }
  ]
}