{
  "Name": "POSE OPEN",
  "CreationDate": "2024-2-29",
  "Commands": [
    {
      "Command": "XClick",
      "Target": "posingbar_dpi_96.png",
      "Value": "",
      "Description": ""
    },
    {
      "Command": "XClickRelative",
      "Target": "posechooseentity_dpi_96.png",
      "Value": "",
      "Description": "ERROR"
    },
    {
      "Command": "XClick",
      "Target": "posegenesismale.png",
      "Value": "",
      "Description": ""
    },
    {
      "Command": "XClick",
      "Target": "posetextbox_dpi_96.png",
      "Value": "",
      "Description": ""
    }
  ]
}