{
  "Name": "POSE 01",
  "CreationDate": "2024-2-29",
  "Commands": [
    {
      "Command": "XType",
      "Target": "Smile Open Full Face",
      "Value": "",
      "Description": ""
    },
    {
      "Command": "times",
      "Target": "12",
      "Value": "",
      "Description": ""
    },
    {
      "Command": "XClickRelative",
      "Target": "smileopenfullface_dpi_96.png",
      "Value": "",
      "Description": ""
    },
    {
      "Command": "end",
      "Target": "",
      "Value": "",
      "Description": ""
    }
  ]
}