{
  "Name": "POSE CONTROLLER",
  "CreationDate": "2024-2-29",
  "Commands": [
    {
      "Command": "executeScript_Sandbox",
      "Target": "return [0];",
      "Value": "PoseIndex",
      "Description": ""
    },
    {
      "Command": "forEach",
      "Target": "PoseIndex",
      "Value": "pi",
      "Description": ""
    },
    {
      "Command": "run",
      "Target": "POSE OPEN",
      "Value": "",
      "Description": ""
    },
    {
      "Command": "run",
      "Target": "POSE ${pi}1",
      "Value": "",
      "Description": ""
    },
    {
      "Command": "run",
      "Target": "ANGLE CONTROLLER",
      "Value": "",
      "Description": ""
    },
    {
      "Command": "run",
      "Target": "POSE ${pi}0",
      "Value": "",
      "Description": ""
    },
    {
      "Command": "run",
      "Target": "POSE CLOSE",
      "Value": "",
      "Description": ""
    },
    {
      "Command": "end",
      "Target": "",
      "Value": "",
      "Description": ""
    }
  ]
}