{
  "Name": "RENDER",
  "CreationDate": "2024-2-29",
  "Commands": [
    {
      "Command": "XClickRelative",
      "Target": "render_dpi_96.png",
      "Value": "",
      "Description": ""
    },
    {
      "Command": "pause",
      "Target": "60000",
      "Value": "",
      "Description": ""
    },
    {
      "Command": "XClickRelative",
      "Target": "rendertext.png",
      "Value": "",
      "Description": ""
    },
    {
      "Command": "executeScript_Sandbox",
      "Target": "return 1000 +  Math.floor(Math.random()*999999);",
      "Value": "RandomSuffix",
      "Description": ""
    },
    {
      "Command": "XType",
      "Target": "render_${RandomSuffix}",
      "Value": "",
      "Description": ""
    },
    {
      "Command": "XClickRelative",
      "Target": "renderdots_dpi_96.png",
      "Value": "",
      "Description": ""
    },
    {
      "Command": "XClickRelative",
      "Target": "topbar_dpi_96.png",
      "Value": "",
      "Description": ""
    },
    {
      "Command": "XType",
      "Target": "C:\\Users\\danma\\Documents\\Uni\\Challenge\\Output\\${KEY_ENTER}",
      "Value": "",
      "Description": ""
    },
    {
      "Command": "XClick",
      "Target": "renderselectfolder_dpi_96.png",
      "Value": "",
      "Description": ""
    },
    {
      "Command": "XClick",
      "Target": "rendersave_dpi_96.png",
      "Value": "",
      "Description": ""
    }
  ]
}