<xml xmlns:o="urn:schemas-microsoft-com:office:office">
 <o:MainFile HRef="../blog2.htm"/>
 <o:File HRef="preview.wmf"/>
 <o:File HRef="themedata.thmx"/>
 <o:File HRef="colorschememapping.xml"/>
 <o:File HRef="image001.png"/>
 <o:File HRef="image032.gif"/>
 <o:File HRef="image003.png"/>
 <o:File HRef="image034.gif"/>
 <o:File HRef="image005.png"/>
 <o:File HRef="image036.gif"/>
 <o:File HRef="image007.png"/>
 <o:File HRef="image037.gif"/>
 <o:File HRef="image009.png"/>
 <o:File HRef="image038.gif"/>
 <o:File HRef="image011.png"/>
 <o:File HRef="image039.gif"/>
 <o:File HRef="image013.png"/>
 <o:File HRef="image040.gif"/>
 <o:File HRef="image044.png"/>
 <o:File HRef="image041.gif"/>
 <o:File HRef="image046.png"/>
 <o:File HRef="image042.gif"/>
 <o:File HRef="image019.png"/>
 <o:File HRef="image043.gif"/>
 <o:File HRef="image049.png"/>
 <o:File HRef="image045.gif"/>
 <o:File HRef="image023.png"/>
 <o:File HRef="image047.gif"/>
 <o:File HRef="image025.png"/>
 <o:File HRef="image048.gif"/>
 <o:File HRef="image027.png"/>
 <o:File HRef="image050.gif"/>
 <o:File HRef="image029.png"/>
 <o:File HRef="image051.gif"/>
 <o:File HRef="image031.png"/>
 <o:File HRef="image052.gif"/>
 <o:File HRef="image033.png"/>
 <o:File HRef="image053.gif"/>
 <o:File HRef="image035.png"/>
 <o:File HRef="image054.gif"/>
 <o:File HRef="header.htm"/>
 <o:File HRef="filelist.xml"/>
</xml>