<xml xmlns:o="urn:schemas-microsoft-com:office:office">
 <o:MainFile HRef="../blog5.htm"/>
 <o:File HRef="preview.wmf"/>
 <o:File HRef="themedata.thmx"/>
 <o:File HRef="colorschememapping.xml"/>
 <o:File HRef="image001.jpg"/>
 <o:File HRef="image069.jpg"/>
 <o:File HRef="image003.png"/>
 <o:File HRef="image070.gif"/>
 <o:File HRef="image005.png"/>
 <o:File HRef="image071.gif"/>
 <o:File HRef="image007.png"/>
 <o:File HRef="image072.gif"/>
 <o:File HRef="image073.png"/>
 <o:File HRef="image074.gif"/>
 <o:File HRef="image011.png"/>
 <o:File HRef="image075.gif"/>
 <o:File HRef="image013.png"/>
 <o:File HRef="image076.gif"/>
 <o:File HRef="image077.png"/>
 <o:File HRef="image078.gif"/>
 <o:File HRef="image017.png"/>
 <o:File HRef="image079.gif"/>
 <o:File HRef="image019.png"/>
 <o:File HRef="image080.gif"/>
 <o:File HRef="image081.png"/>
 <o:File HRef="image082.gif"/>
 <o:File HRef="image023.png"/>
 <o:File HRef="image083.gif"/>
 <o:File HRef="image084.png"/>
 <o:File HRef="image085.gif"/>
 <o:File HRef="image027.png"/>
 <o:File HRef="image086.gif"/>
 <o:File HRef="image087.png"/>
 <o:File HRef="image088.gif"/>
 <o:File HRef="image031.png"/>
 <o:File HRef="image089.gif"/>
 <o:File HRef="image090.png"/>
 <o:File HRef="image091.gif"/>
 <o:File HRef="image035.png"/>
 <o:File HRef="image092.gif"/>
 <o:File HRef="image093.png"/>
 <o:File HRef="image094.gif"/>
 <o:File HRef="image039.png"/>
 <o:File HRef="image095.gif"/>
 <o:File HRef="image096.png"/>
 <o:File HRef="image097.gif"/>
 <o:File HRef="image043.png"/>
 <o:File HRef="image098.gif"/>
 <o:File HRef="image099.png"/>
 <o:File HRef="image100.gif"/>
 <o:File HRef="image047.png"/>
 <o:File HRef="image101.gif"/>
 <o:File HRef="image102.png"/>
 <o:File HRef="image103.gif"/>
 <o:File HRef="image051.png"/>
 <o:File HRef="image104.gif"/>
 <o:File HRef="image105.png"/>
 <o:File HRef="image106.gif"/>
 <o:File HRef="image055.png"/>
 <o:File HRef="image107.gif"/>
 <o:File HRef="image108.png"/>
 <o:File HRef="image109.gif"/>
 <o:File HRef="image059.png"/>
 <o:File HRef="image110.gif"/>
 <o:File HRef="image061.png"/>
 <o:File HRef="image111.gif"/>
 <o:File HRef="image112.png"/>
 <o:File HRef="image113.gif"/>
 <o:File HRef="image065.png"/>
 <o:File HRef="image114.gif"/>
 <o:File HRef="image067.png"/>
 <o:File HRef="image115.gif"/>
 <o:File HRef="header.htm"/>
 <o:File HRef="filelist.xml"/>
</xml>