<xml xmlns:o="urn:schemas-microsoft-com:office:office">
 <o:MainFile HRef="../Guide%20Script1.htm"/>
 <o:File HRef="preview.wmf"/>
 <o:File HRef="themedata.thmx"/>
 <o:File HRef="colorschememapping.xml"/>
 <o:File HRef="image113.png"/>
 <o:File HRef="image001.gif"/>
 <o:File HRef="image115.png"/>
 <o:File HRef="image002.gif"/>
 <o:File HRef="image117.png"/>
 <o:File HRef="image003.gif"/>
 <o:File HRef="image007.png"/>
 <o:File HRef="image004.gif"/>
 <o:File HRef="image009.png"/>
 <o:File HRef="image005.gif"/>
 <o:File HRef="image011.png"/>
 <o:File HRef="image006.gif"/>
 <o:File HRef="image013.png"/>
 <o:File HRef="image008.gif"/>
 <o:File HRef="image015.png"/>
 <o:File HRef="image010.gif"/>
 <o:File HRef="image017.png"/>
 <o:File HRef="image012.gif"/>
 <o:File HRef="image019.png"/>
 <o:File HRef="image014.gif"/>
 <o:File HRef="image021.png"/>
 <o:File HRef="image016.gif"/>
 <o:File HRef="image023.png"/>
 <o:File HRef="image018.gif"/>
 <o:File HRef="image025.png"/>
 <o:File HRef="image020.gif"/>
 <o:File HRef="image027.png"/>
 <o:File HRef="image022.gif"/>
 <o:File HRef="image029.png"/>
 <o:File HRef="image024.gif"/>
 <o:File HRef="image031.png"/>
 <o:File HRef="image026.gif"/>
 <o:File HRef="image033.png"/>
 <o:File HRef="image028.gif"/>
 <o:File HRef="image035.png"/>
 <o:File HRef="image030.gif"/>
 <o:File HRef="header.htm"/>
 <o:File HRef="filelist.xml"/>
</xml>